{
  "dataset": "HMC",
  "n_subjects": 151,
  "n_epochs": 115514,
  "stage_counts": {
    "W": 18202,
    "N1": 12245,
    "N2": 43252,
    "N3": 23838,
    "REM": 17977
  },
  "analysis_1_stage_phenotype": {
    "omega1": {
      "W": {
        "mean": 0.591675648687441,
        "std": 0.18306149064100188,
        "median": 0.5735176958075869,
        "p25": 0.4793111349562207,
        "p75": 0.6807499004396192,
        "n": 18202
      },
      "N1": {
        "mean": 0.4669295164858925,
        "std": 0.14506094412090878,
        "median": 0.4587886630247053,
        "p25": 0.38321162971712663,
        "p75": 0.5428990459903902,
        "n": 12245
      },
      "N2": {
        "mean": 0.36626351027253273,
        "std": 0.12626817569557444,
        "median": 0.36106708485330813,
        "p25": 0.3083208936881268,
        "p75": 0.416135290441985,
        "n": 43252
      },
      "N3": {
        "mean": 0.23740659928065327,
        "std": 0.06868093989179005,
        "median": 0.23089471277875268,
        "p25": 0.1891343524908963,
        "p75": 0.27919351549329235,
        "n": 23838
      },
      "REM": {
        "mean": 0.397802117472786,
        "std": 0.09544284805490669,
        "median": 0.39547144153008956,
        "p25": 0.3402648459128119,
        "p75": 0.4488136934327543,
        "n": 17977
      }
    },
    "torus_curvature": {
      "W": {
        "mean": 0.7383487896968624,
        "std": 0.25141204621123775,
        "median": 0.7060482880198542,
        "p25": 0.577895998991439,
        "p75": 0.8644713711564459,
        "n": 18202
      },
      "N1": {
        "mean": 0.5687515830426655,
        "std": 0.2031448370697365,
        "median": 0.5539014150998055,
        "p25": 0.4461289828599996,
        "p75": 0.6717911999368094,
        "n": 12245
      },
      "N2": {
        "mean": 0.41546021476017103,
        "std": 0.18186022311335892,
        "median": 0.40216277273536727,
        "p25": 0.331339995746448,
        "p75": 0.4802463667609467,
        "n": 43252
      },
      "N3": {
        "mean": 0.24091382523626878,
        "std": 0.08621637288564706,
        "median": 0.23068733087897242,
        "p25": 0.17991060681145027,
        "p75": 0.29019752579482655,
        "n": 23838
      },
      "REM": {
        "mean": 0.47110133187691106,
        "std": 0.12824244251018674,
        "median": 0.4645169064644045,
        "p25": 0.3877973888517696,
        "p75": 0.5416593084282397,
        "n": 17977
      }
    },
    "angular_acceleration": {
      "W": {
        "mean": 0.7812288090973795,
        "std": 0.40628070680719264,
        "median": 0.7156251616540303,
        "p25": 0.5461616822337568,
        "p75": 0.9334875765411014,
        "n": 18202
      },
      "N1": {
        "mean": 0.54076013446064,
        "std": 0.2940443342598295,
        "median": 0.5079231825544589,
        "p25": 0.38178674629012577,
        "p75": 0.6604022062480351,
        "n": 12245
      },
      "N2": {
        "mean": 0.36820225325182504,
        "std": 0.3150857142098083,
        "median": 0.34493869575243963,
        "p25": 0.26678706722618317,
        "p75": 0.4346674471383456,
        "n": 43252
      },
      "N3": {
        "mean": 0.18020407890507067,
        "std": 0.0878791312182278,
        "median": 0.16556878146435283,
        "p25": 0.11696698007920409,
        "p75": 0.22762671407214957,
        "n": 23838
      },
      "REM": {
        "mean": 0.41216837090308317,
        "std": 0.1508106394083467,
        "median": 0.39847101797324963,
        "p25": 0.31331429585084625,
        "p75": 0.4892644535751177,
        "n": 17977
      }
    },
    "geodesic_distance": {
      "W": {
        "mean": 2817.601607970683,
        "std": 825.8616054320848,
        "median": 2743.8348888555915,
        "p25": 2308.2217497698744,
        "p75": 3236.7228569321596,
        "n": 18202
      },
      "N1": {
        "mean": 2242.2268751905194,
        "std": 664.036034449091,
        "median": 2211.440204313937,
        "p25": 1855.0030632663204,
        "p75": 2600.7978657939766,
        "n": 12245
      },
      "N2": {
        "mean": 1770.5964349614626,
        "std": 559.8980543402628,
        "median": 1750.362141911893,
        "p25": 1497.2548693902504,
        "p75": 2011.6521965906463,
        "n": 43252
      },
      "N3": {
        "mean": 1155.3527883541158,
        "std": 331.83347270119907,
        "median": 1125.6810331591541,
        "p25": 922.095861357777,
        "p75": 1358.3337006703885,
        "n": 23838
      },
      "REM": {
        "mean": 1922.7058979792866,
        "std": 444.3931622544404,
        "median": 1914.3014650777955,
        "p25": 1651.7232213216166,
        "p75": 2167.241732327513,
        "n": 17977
      }
    },
    "angular_entropy": {
      "W": {
        "mean": 3.962400171260001,
        "std": 0.0902164222468435,
        "median": 3.9803577157290055,
        "p25": 3.960425604253471,
        "p75": 3.990353392040681,
        "n": 18202
      },
      "N1": {
        "mean": 3.963928969884728,
        "std": 0.09018995055905024,
        "median": 3.984923898139461,
        "p25": 3.9676443699541597,
        "p75": 3.991894342186579,
        "n": 12245
      },
      "N2": {
        "mean": 3.9675738263249096,
        "std": 0.11300761407063262,
        "median": 3.988616559731482,
        "p25": 3.9775385319800733,
        "p75": 3.9929456968995187,
        "n": 43252
      },
      "N3": {
        "mean": 3.9663462540019627,
        "std": 0.05418266299262671,
        "median": 3.983285259770635,
        "p25": 3.969599723390081,
        "p75": 3.989790297607099,
        "n": 23838
      },
      "REM": {
        "mean": 3.9750389074472343,
        "std": 0.04936320230410254,
        "median": 3.9870400898622256,
        "p25": 3.9749134511271236,
        "p75": 3.9923375009621167,
        "n": 17977
      }
    },
    "phase_diff_std": {
      "W": {
        "mean": 1.4300674197266106,
        "std": 0.36802718065424395,
        "median": 1.404336689510027,
        "p25": 1.1748738537678407,
        "p75": 1.6537313631321955,
        "n": 18202
      },
      "N1": {
        "mean": 1.3009972168472719,
        "std": 0.35949864578436297,
        "median": 1.2535877531560096,
        "p25": 1.054241392962112,
        "p75": 1.4979362962700533,
        "n": 12245
      },
      "N2": {
        "mean": 1.11332408632388,
        "std": 0.31402651624375183,
        "median": 1.0879466745254551,
        "p25": 0.8809003872716838,
        "p75": 1.2915233720619665,
        "n": 43252
      },
      "N3": {
        "mean": 0.999932631717335,
        "std": 0.32211478657830594,
        "median": 0.9697839365939291,
        "p25": 0.7594529493263547,
        "p75": 1.1811635840425474,
        "n": 23838
      },
      "REM": {
        "mean": 1.1622807768118102,
        "std": 0.3218846057481237,
        "median": 1.1296875661028596,
        "p25": 0.947805619565566,
        "p75": 1.3183728450168617,
        "n": 17977
      }
    },
    "phase_coherence": {
      "W": {
        "mean": 0.38295892936791265,
        "std": 0.17075135710012537,
        "median": 0.3730358436380058,
        "p25": 0.25476500426970045,
        "p75": 0.5014936741840288,
        "n": 18202
      },
      "N1": {
        "mean": 0.44814613441596,
        "std": 0.17334932395076597,
        "median": 0.4557817841981235,
        "p25": 0.3256583107422753,
        "p75": 0.5736634048768934,
        "n": 12245
      },
      "N2": {
        "mean": 0.5458140274089737,
        "std": 0.16805304956789804,
        "median": 0.5533226557660096,
        "p25": 0.4343014893240978,
        "p75": 0.6784172643465944,
        "n": 43252
      },
      "N3": {
        "mean": 0.6098809261894546,
        "std": 0.17425469665480006,
        "median": 0.6248520096117693,
        "p25": 0.4977916285254578,
        "p75": 0.7494734458050196,
        "n": 23838
      },
      "REM": {
        "mean": 0.5199389771620583,